ymin,97.3,97.4,97.5,97.6,97.7,97.8,97.9,98.0,98.1,98.2,98.3,98.4,98.5,98.6,98.7,98.8,98.9,99.0,99.1,99.2,99.3,99.4,99.5,99.6,99.7,99.8,99.9,100.0,100.1,100.2,100.3,100.4,100.5,100.6,100.7,100.8,100.9,101.0,101.1,101.2,101.3,101.4,101.5,101.6,101.7,101.8,101.9,102.0,102.1,102.2,102.3,102.4,102.5,102.6,102.7,102.8,102.9,103.0,103.1,103.2,103.3,103.4,103.5,103.6,103.7,103.8,103.9,104.0,104.1,104.2,104.3,104.4,104.5,104.6,104.7,104.8,104.9,105.0,105.1,105.2,105.3,105.4,105.5
11.8,Forest,Forest,Forest,Forest,Forest,Forest,Forest,Forest,Forest,Forest,Forest,Forest,Forest,Forest,Forest,Forest,Forest,Forest,Forest,Forest,Forest,Forest,Forest,Forest,Forest,Forest,Forest,Forest,Forest,Forest,Forest,Forest,Forest,Forest,Forest,Forest,Forest,Forest,Forest,Forest,Forest,Forest,Forest,Forest,Forest,Forest,Forest,Forest,Forest,Forest,Forest,Forest,Forest,Forest,Forest,Forest,Forest,Forest,Forest,Forest,Forest,Forest,Forest,Forest,Forest,Forest,Forest,Forest,Forest,Forest,Forest,Forest,Forest,Forest,Forest,Forest,Forest,Forest,Forest,Forest,Forest,Forest,Forest
11.9,Forest,Forest,Forest,Forest,Forest,Forest,Forest,Forest,Forest,Forest,Forest,Forest,Forest,Forest,Forest,Forest,Forest,Forest,Forest,Forest,Forest,Forest,Forest,Forest,Forest,Forest,Forest,Forest,Forest,Forest,Forest,Forest,Forest,Forest,Forest,Forest,Forest,Forest,Forest,Forest,Forest,Forest,Forest,Forest,Forest,Forest,Forest,Forest,Forest,Forest,Forest,Forest,Forest,Forest,Forest,Forest,Forest,Forest,Forest,Forest,Forest,Forest,Forest,Forest,Forest,Forest,Forest,Forest,Forest,Forest,Forest,Forest,Forest,Forest,Forest,Forest,Forest,Forest,Forest,Forest,Forest,Forest,Forest
12.0,Forest,Forest,Forest,Forest,Ag,Ag,Ag,Ag,Ag,Ag,Ag,Ag,Ag,Ag,Ag,Ag,Ag,Ag,Ag,Ag,Ag,Ag,Ag,Ag,Ag,Ag,Ag,Ag,Ag,Ag,Ag,Ag,Ag,Ag,Ag,Ag,Ag,Ag,Ag,Ag,Ag,Ag,Ag,Ag,Ag,Ag,Ag,Ag,Ag,Ag,Ag,Ag,Ag,Ag,Ag,Ag,Ag,Ag,Ag,Ag,Ag,Ag,Ag,Ag,Ag,Ag,Ag,Ag,Ag,Ag,Ag,Ag,Ag,Ag,Ag,Ag,Ag,Ag,Ag,Ag,Ag,Ag,Ag
12.1,Forest,Forest,Forest,Forest,Ag,Ag,Ag,Ag,Ag,Ag,Ag,Ag,Ag,Ag,Ag,Ag,Ag,Ag,Ag,Ag,Ag,Ag,Ag,Ag,Ag,Ag,Ag,Ag,Ag,Ag,Ag,Ag,Ag,Ag,Ag,Ag,Ag,Ag,Ag,Ag,Ag,Ag,Ag,Ag,Ag,Ag,Ag,Ag,Ag,Ag,Ag,Ag,Ag,Ag,Ag,Ag,Ag,Ag,Ag,Ag,Ag,Ag,Ag,Ag,Ag,Ag,Ag,Ag,Ag,Ag,Ag,Ag,Ag,Ag,Ag,Ag,Ag,Ag,Ag,Ag,Ag,Ag,Ag
12.2,Forest,Forest,Forest,Forest,Ag,Ag,Ag,Ag,Ag,Ag,Ag,Ag,Ag,Ag,Ag,Ag,Ag,Ag,Ag,Ag,Ag,Ag,Ag,Ag,Ag,Ag,Ag,Ag,Ag,Ag,Ag,Ag,Ag,Ag,Ag,Ag,Ag,Ag,Ag,Ag,Ag,Ag,Ag,Ag,Ag,Ag,Ag,Ag,Ag,Ag,Ag,Ag,Ag,Ag,Ag,Ag,Ag,Ag,Ag,Ag,Ag,Ag,Ag,Ag,Ag,Ag,Ag,Ag,Ag,Ag,Ag,Ag,Ag,Ag,Ag,Ag,Ag,Ag,Ag,Ag,Ag,Ag,Ag
12.3,Forest,Forest,Forest,Forest,Ag,Ag,Ag,Ag,Ag,Ag,Ag,Ag,Ag,Ag,Ag,Ag,Ag,Ag,Ag,Ag,Ag,Ag,Ag,Ag,Ag,Ag,Ag,Ag,Ag,Ag,Ag,Ag,Ag,Ag,Ag,Ag,Ag,Ag,Ag,Ag,Ag,Ag,Ag,Ag,Ag,Ag,Ag,Ag,Ag,Ag,Ag,Ag,Ag,Ag,Ag,Ag,Ag,Ag,Ag,Ag,Ag,Ag,Ag,Ag,Ag,Ag,Ag,Ag,Ag,Ag,Ag,Ag,Ag,Ag,Ag,Ag,Ag,Ag,Ag,Ag,Ag,Ag,Ag
12.4,Forest,Forest,Forest,Forest,Ag,Ag,Ag,Ag,Ag,Ag,Ag,Ag,Ag,Ag,Ag,Ag,Ag,Ag,Ag,Ag,Ag,Ag,Ag,Ag,Ag,Sugarcane,Ag,Ag,Ag,Ag,Ag,Ag,Ag,Ag,Ag,Ag,Ag,Ag,Ag,Ag,Ag,Ag,Ag,Ag,Ag,Ag,Ag,Ag,Ag,Ag,Ag,Ag,Ag,Ag,Ag,Ag,Ag,Ag,Ag,Ag,Ag,Ag,Ag,Ag,Ag,Ag,Ag,Ag,Ag,Ag,Ag,Ag,Ag,Ag,Ag,Ag,Ag,Ag,Ag,Ag,Ag,Ag,Ag
12.5,Forest,Forest,Forest,Forest,Ag,Ag,Ag,Ag,Ag,Ag,Ag,Ag,Ag,Ag,Ag,Ag,Ag,Ag,Ag,Ag,Ag,Ag,Ag,Ag,Ag,Ag,Ag,Ag,Ag,Ag,Ag,Ag,Ag,Ag,Ag,Ag,Ag,Ag,Ag,Ag,Ag,Ag,Ag,Ag,Ag,Ag,Ag,Ag,Ag,Ag,Ag,Ag,Ag,Ag,Ag,Ag,Ag,Ag,Ag,Ag,Ag,Ag,Ag,Ag,Ag,Ag,Ag,Ag,Ag,Ag,Ag,Ag,Ag,Ag,Ag,Ag,Ag,Ag,Ag,Ag,Ag,Ag,Ag
12.6,Forest,Forest,Forest,Forest,Ag,Ag,Ag,Ag,Ag,Ag,Ag,Ag,Ag,Ag,Ag,Ag,Ag,Ag,Ag,Ag,Ag,Ag,Ag,Ag,Rice,Sugarcane,Ag,Ag,Ag,Ag,Ag,Ag,Ag,Ag,Ag,Ag,Ag,Ag,Ag,Ag,Ag,Ag,Ag,Ag,Ag,Ag,Ag,Ag,Ag,Ag,Ag,Ag,Ag,Ag,Ag,Ag,Ag,Ag,Ag,Ag,Ag,Ag,Ag,Ag,Ag,Ag,Ag,Ag,Ag,Ag,Ag,Ag,Ag,Ag,Ag,Ag,Ag,Ag,Ag,Ag,Ag,Ag,Ag
12.7,Forest,Forest,Forest,Forest,Ag,Ag,Ag,Ag,Ag,Ag,Ag,Ag,Ag,Ag,Ag,Ag,Ag,Ag,Ag,Ag,Ag,Ag,Ag,Forest,Sugarcane,Forest,Forest,Ag,Ag,Ag,Ag,Ag,Ag,Ag,Ag,Ag,Ag,Ag,Ag,Ag,Ag,Ag,Ag,Ag,Ag,Ag,Ag,Ag,Ag,Ag,Ag,Ag,Ag,Ag,Ag,Ag,Ag,Ag,Ag,Ag,Ag,Ag,Ag,Ag,Ag,Ag,Ag,Ag,Ag,Ag,Ag,Ag,Ag,Ag,Ag,Ag,Ag,Ag,Ag,Ag,Ag,Ag,Ag
12.8,Forest,Forest,Forest,Forest,Ag,Ag,Ag,Ag,Ag,Ag,Ag,Ag,Ag,Ag,Ag,Ag,Ag,Ag,Ag,Ag,Ag,Ag,Ag,Ag,Forest,Forest,Ag,Ag,Ag,Ag,Ag,Ag,Ag,Ag,Ag,Ag,Ag,Ag,Ag,Ag,Ag,Ag,Ag,Ag,Ag,Ag,Ag,Ag,Ag,Ag,Ag,Ag,Ag,Ag,Ag,Ag,Ag,Ag,Ag,Ag,Ag,Ag,Ag,Ag,Ag,Ag,Ag,Ag,Ag,Ag,Ag,Ag,Ag,Ag,Ag,Ag,Ag,Ag,Ag,Ag,Ag,Ag,Ag
12.9,Forest,Forest,Forest,Forest,Ag,Ag,Ag,Ag,Ag,Ag,Ag,Ag,Ag,Ag,Ag,Ag,Ag,Ag,Ag,Ag,Ag,Ag,Ag,Ag,Ag,Ag,Ag,Ag,Ag,Ag,Ag,Ag,Ag,Ag,Ag,Ag,Ag,Ag,Ag,Ag,Ag,Ag,Ag,Ag,Ag,Ag,Ag,Ag,Ag,Ag,Ag,Ag,Ag,Ag,Ag,Ag,Ag,Ag,Ag,Ag,Ag,Ag,Ag,Ag,Ag,Ag,Ag,Ag,Ag,Ag,Ag,Ag,Ag,Ag,Ag,Ag,Ag,Ag,Ag,Ag,Ag,Ag,Ag
13.0,Forest,Forest,Forest,Forest,Ag,Ag,Ag,Ag,Ag,Ag,Ag,Ag,Ag,Ag,Ag,Ag,Ag,Ag,Ag,Ag,Ag,Ag,Ag,Forest,Forest,Forest,Ag,Ag,Ag,Ag,Ag,Ag,Ag,Ag,Ag,Ag,Ag,Ag,Ag,Ag,Ag,Ag,Ag,Ag,Ag,Ag,Ag,Ag,Ag,Ag,Ag,Ag,Ag,Ag,Ag,Ag,Ag,Ag,Ag,Ag,Ag,Ag,Ag,Ag,Ag,Ag,Ag,Ag,Ag,Ag,Ag,Ag,Ag,Ag,Ag,Ag,Ag,Ag,Ag,Ag,Ag,Ag,Ag
13.1,Forest,Forest,Forest,Forest,Ag,Ag,Ag,Ag,Ag,Ag,Ag,Ag,Ag,Ag,Ag,Ag,Ag,Ag,Ag,Ag,Ag,Ag,Ag,Forest,Ag,Rice,Ag,Ag,Ag,Ag,Ag,Ag,Ag,Ag,Ag,Ag,Ag,Ag,Ag,Ag,Ag,Ag,Ag,Ag,Ag,Ag,Ag,Ag,Ag,Ag,Ag,Ag,Ag,Ag,Ag,Ag,Ag,Ag,Ag,Ag,Ag,Ag,Ag,Ag,Ag,Ag,Ag,Ag,Ag,Ag,Ag,Ag,Ag,Ag,Ag,Ag,Ag,Ag,Ag,Ag,Ag,Ag,Ag
13.2,Forest,Forest,Forest,Forest,Ag,Ag,Ag,Ag,Ag,Ag,Ag,Ag,Ag,Ag,Ag,Ag,Ag,Ag,Ag,Ag,Ag,Ag,Ag,Forest,Forest,Ag,Ag,Ag,Ag,Ag,Ag,Ag,Ag,Ag,Ag,Ag,Ag,Ag,Ag,Sugarcane,Ag,Ag,Ag,Ag,Ag,Ag,Ag,Ag,Ag,Ag,Ag,Ag,Ag,Ag,Ag,Ag,Ag,Ag,Ag,Ag,Ag,Ag,Ag,Ag,Ag,Ag,Ag,Ag,Ag,Ag,Ag,Ag,Ag,Ag,Ag,Ag,Ag,Ag,Ag,Ag,Ag,Ag,Ag
13.3,Forest,Forest,Forest,Forest,Ag,Ag,Ag,Ag,Ag,Ag,Ag,Ag,Ag,Ag,Ag,Ag,Ag,Ag,Ag,Ag,Ag,Ag,Forest,Forest,Sugarcane,Ag,Ag,Ag,Ag,Ag,Ag,Ag,Ag,Ag,Ag,Ag,Ag,Ag,Ag,Ag,Ag,Ag,Ag,Ag,Ag,Ag,Ag,Ag,Ag,Maize,Sugarcane,Ag,Ag,Ag,Ag,Ag,Ag,Ag,Ag,Ag,Ag,Ag,Ag,Ag,Ag,Ag,Ag,Ag,Ag,Ag,Ag,Ag,Ag,Ag,Ag,Ag,Ag,Ag,Ag,Ag,Ag,Ag,Ag
13.4,Forest,Forest,Forest,Forest,Ag,Ag,Ag,Ag,Ag,Ag,Ag,Ag,Ag,Ag,Ag,Ag,Ag,Ag,Ag,Forest,Ag,Ag,Forest,Forest,Ag,Ag,Ag,Ag,Ag,Ag,Ag,Ag,Ag,Ag,Ag,Ag,Ag,Ag,Ag,Ag,Ag,Ag,Ag,Ag,Ag,Ag,Ag,Ag,Sugarcane,Sugarcane,Ag,Ag,Ag,Ag,Ag,Ag,Ag,Ag,Ag,Ag,Ag,Ag,Ag,Ag,Ag,Ag,Ag,Ag,Ag,Ag,Ag,Ag,Ag,Ag,Ag,Ag,Ag,Ag,Ag,Ag,Ag,Ag,Ag
13.5,Forest,Forest,Forest,Forest,Ag,Ag,Ag,Ag,Ag,Ag,Ag,Ag,Ag,Ag,Ag,Ag,Ag,Ag,Ag,Ag,Ag,Ag,Ag,Ag,Sugarcane,Ag,Ag,Ag,Ag,Ag,Ag,Ag,Ag,Ag,Ag,Ag,Ag,Ag,Ag,Ag,Sugarcane,Sugarcane,Ag,Ag,Ag,Ag,Ag,Ag,Ag,Ag,Ag,Rice,Rice,Ag,Ag,Ag,Ag,Ag,Ag,Ag,Ag,Ag,Ag,Ag,Ag,Ag,Ag,Ag,Ag,Ag,Ag,Ag,Ag,Ag,Ag,Ag,Ag,Ag,Ag,Ag,Ag,Ag,Ag
13.6,Forest,Forest,Forest,Forest,Ag,Ag,Ag,Ag,Ag,Ag,Ag,Ag,Ag,Ag,Ag,Ag,Ag,Ag,Forest,Forest,Ag,Sugarcane,Sugarcane,Sugarcane,Sugarcane,Ag,Ag,Ag,Ag,Ag,Ag,Ag,Ag,Ag,Ag,Ag,Rice,Rice,Ag,Rice,Ag,Ag,Ag,Ag,Ag,Ag,Rice,Rice,Ag,Ag,Ag,Rice,Rice,Sugarcane,Ag,Ag,Ag,Ag,Ag,Ag,Ag,Ag,Ag,Ag,Ag,Ag,Ag,Ag,Ag,Ag,Ag,Ag,Ag,Ag,Ag,Ag,Ag,Ag,Ag,Ag,Ag,Ag,Ag
13.7,Forest,Forest,Forest,Forest,Ag,Ag,Ag,Ag,Ag,Ag,Ag,Ag,Ag,Ag,Ag,Ag,Ag,Ag,Ag,Forest,Ag,Ag,Sugarcane,Sugarcane,Rice,Ag,Ag,Ag,Ag,Ag,Ag,Ag,Ag,Ag,Ag,Rice,Rice,Rice,Rice,Rice,Rice,Ag,Ag,Ag,Ag,Ag,Ag,Rice,Rice,Rice,Ag,Ag,Sugarcane,Sugarcane,Ag,Ag,Ag,Ag,Ag,Ag,Ag,Ag,Ag,Ag,Ag,Ag,Ag,Ag,Ag,Ag,Ag,Ag,Ag,Ag,Ag,Ag,Ag,Ag,Ag,Ag,Ag,Ag,Ag
13.8,Forest,Forest,Forest,Forest,Ag,Ag,Ag,Ag,Ag,Ag,Ag,Ag,Ag,Ag,Ag,Ag,Ag,Ag,Ag,Sugarcane,Ag,Ag,Sugarcane,Ag,Sugarcane,Ag,Ag,Ag,Ag,Ag,Ag,Ag,Ag,Ag,Ag,Rice,Rice,Rice,Rice,Rice,Rice,Rice,Rice,Ag,Ag,Ag,Ag,Ag,Rice,Ag,Ag,Ag,Ag,Forest,Sugarcane,Ag,Ag,Ag,Ag,Ag,Ag,Ag,Ag,Ag,Ag,Ag,Ag,Ag,Ag,Ag,Ag,Ag,Ag,Ag,Ag,Ag,Ag,Ag,Ag,Ag,Ag,Ag,Ag
13.9,Forest,Forest,Forest,Forest,Ag,Ag,Ag,Ag,Ag,Ag,Ag,Ag,Ag,Ag,Ag,Ag,Ag,Ag,Forest,Sugarcane,Sugarcane,Ag,Sugarcane,Ag,Ag,Sugarcane,Ag,Ag,Ag,Rice,Ag,Ag,Ag,Ag,Ag,Rice,Rice,Rice,Rice,Rice,Rice,Rice,Rice,Rice,Ag,Ag,Ag,Ag,Ag,Ag,Forest,Maize,Ag,Forest,Rice,Forest,Ag,Ag,Ag,Ag,Ag,Ag,Ag,Ag,Ag,Ag,Ag,Ag,Ag,Ag,Ag,Ag,Ag,Ag,Ag,Ag,Ag,Ag,Ag,Ag,Ag,Ag,Ag
14.0,Forest,Forest,Forest,Forest,Ag,Ag,Ag,Ag,Ag,Ag,Ag,Ag,Ag,Ag,Ag,Ag,Forest,Forest,Ag,Ag,Sugarcane,Sugarcane,Ag,Ag,Ag,Sugarcane,Ag,Rice,Rice,Rice,Rice,Rice,Ag,Ag,Ag,Rice,Rice,Rice,Rice,Rice,Rice,Rice,Rice,Rice,Ag,Ag,Ag,Ag,Ag,Ag,Ag,Ag,Ag,Rice,Rice,Ag,Ag,Ag,Ag,Ag,Ag,Ag,Ag,Ag,Ag,Ag,Ag,Ag,Ag,Ag,Ag,Ag,Ag,Ag,Ag,Ag,Ag,Ag,Ag,Ag,Ag,Ag,Ag
14.1,Forest,Forest,Forest,Forest,Ag,Ag,Ag,Ag,Ag,Ag,Ag,Ag,Ag,Ag,Ag,Forest,Ag,Ag,Ag,Sugarcane,Sugarcane,Sugarcane,Sugarcane,Ag,Ag,Sugarcane,Ag,Ag,Ag,Rice,Rice,Rice,Rice,Rice,Ag,Rice,Rice,Rice,Rice,Rice,Rice,Ag,Rice,Ag,Ag,Ag,Ag,Ag,Ag,Ag,Ag,Ag,Ag,Ag,Ag,Ag,Rice,Ag,Ag,Ag,Ag,Ag,Ag,Ag,Ag,Ag,Ag,Ag,Ag,Ag,Ag,Ag,Ag,Ag,Ag,Ag,Ag,Ag,Ag,Ag,Ag,Ag,Ag
14.2,Forest,Forest,Forest,Forest,Ag,Ag,Ag,Ag,Ag,Ag,Ag,Ag,Ag,Ag,Forest,Forest,Forest,Ag,Forest,Forest,Forest,Ag,Ag,Ag,Ag,Sugarcane,Ag,Rice,Rice,Rice,Rice,Rice,Rice,Rice,Rice,Rice,Rice,Rice,Rice,Ag,Ag,Ag,Ag,Ag,Ag,Ag,Ag,Ag,Ag,Ag,Forest,Ag,Forest,Ag,Ag,Ag,Rice,Forest,Ag,Ag,Ag,Ag,Ag,Ag,Ag,Ag,Ag,Ag,Ag,Ag,Ag,Ag,Ag,Ag,Ag,Ag,Ag,Forest,Ag,Ag,Ag,Ag,Ag
14.3,Forest,Forest,Forest,Forest,Ag,Ag,Ag,Ag,Ag,Ag,Ag,Ag,Ag,Ag,Forest,Forest,Forest,Ag,Ag,Forest,Sugarcane,Ag,Ag,Ag,Sugarcane,Sugarcane,Ag,Ag,Rice,Ag,Ag,Rice,Rice,Ag,Rice,Ag,Rice,Ag,Ag,Ag,Ag,Forest,Ag,Ag,Ag,Ag,Ag,Ag,Forest,Ag,Ag,Ag,Ag,Ag,Ag,Ag,Rice,Rice,Ag,Rice,Rice,Ag,Ag,Ag,Ag,Ag,Ag,Other,Ag,Ag,Forest,Forest,Forest,Forest,Ag,Ag,Forest,Ag,Forest,Forest,Ag,Ag,Ag
14.4,Forest,Forest,Forest,Forest,Ag,Ag,Ag,Ag,Ag,Ag,Ag,Ag,Ag,Forest,Forest,Ag,Forest,Forest,Maize,Ag,Forest,Sugarcane,Ag,Ag,Sugarcane,Sugarcane,Rice,Ag,Ag,Ag,Ag,Rice,Rice,Rice,Ag,Ag,Forest,Ag,Ag,Ag,Forest,Forest,Maize,Maize,Sugarcane,Ag,Ag,Forest,Forest,Sugarcane,Ag,Ag,Ag,Ag,Forest,Ag,Ag,Rice,Rice,Rice,Rice,Rice,Sugarcane,Forest,Rice,Sugarcane,Rice,Rice,Ag,Ag,Forest,Ag,Forest,Forest,Forest,Ag,Forest,Forest,Ag,Forest,Forest,Forest,Ag
14.5,Forest,Forest,Forest,Forest,Ag,Ag,Ag,Ag,Ag,Ag,Ag,Ag,Forest,Ag,Maize,Ag,Forest,Ag,Forest,Forest,Forest,Sugarcane,Sugarcane,Sugarcane,Sugarcane,Sugarcane,Rice,Ag,Rice,Ag,Ag,Rice,Rice,Rice,Ag,Ag,Ag,Rice,Ag,Ag,Ag,Ag,Sugarcane,Maize,Maize,Sugarcane,Forest,Ag,Rice,Rice,Ag,Ag,Ag,Ag,Ag,Rice,Rice,Rice,Rice,Rice,Rice,Rice,Rice,Rice,Rice,Rice,Sugarcane,Rice,Ag,Ag,Ag,Ag,Ag,Rice,Ag,Ag,Rice,Rice,Rice,Forest,Forest,Forest,Ag
14.6,Forest,Forest,Forest,Forest,Ag,Ag,Ag,Ag,Ag,Ag,Ag,Ag,Ag,Ag,Ag,Ag,Forest,Maize,Maize,Forest,Forest,Forest,Ag,Ag,Rice,Rice,Rice,Ag,Ag,Ag,Ag,Ag,Rice,Ag,Maize,Other,Rice,Maize,Sugarcane,Ag,Ag,Maize,Sugarcane,Sugarcane,Sugarcane,Forest,Rice,Rice,Rice,Rice,Ag,Ag,Ag,Ag,Ag,Rice,Rice,Rice,Rice,Rice,Ag,Rice,Rice,Rice,Rice,Rice,Rice,Rice,Rice,Ag,Rice,Rice,Rice,Rice,Rice,Ag,Rice,Rice,Rice,Rice,Rice,Forest,Ag
14.7,Forest,Forest,Forest,Forest,Ag,Ag,Ag,Ag,Ag,Ag,Ag,Forest,Ag,Ag,Ag,Maize,Forest,Maize,Maize,Forest,Sugarcane,Sugarcane,Forest,Ag,Ag,Rice,Rice,Rice,Rice,Ag,Rice,Ag,Ag,Sugarcane,Sugarcane,Maize,Maize,Sugarcane,Sugarcane,Ag,Maize,Sugarcane,Maize,Ag,Ag,Ag,Rice,Sugarcane,Rice,Ag,Ag,Ag,Ag,Ag,Ag,Ag,Ag,Rice,Rice,Rice,Rice,Rice,Rice,Rice,Rice,Rice,Rice,Rice,Rice,Ag,Rice,Rice,Rice,Rice,Rice,Rice,Rice,Ag,Rice,Rice,Rice,Forest,Forest
14.8,Forest,Forest,Forest,Forest,Ag,Ag,Ag,Ag,Ag,Forest,Ag,Ag,Forest,Ag,Other,Forest,Forest,Forest,Forest,Forest,Sugarcane,Forest,Sugarcane,Sugarcane,Sugarcane,Rice,Rice,Rice,Rice,Rice,Rice,Rice,Rice,Ag,Sugarcane,Sugarcane,Maize,Sugarcane,Sugarcane,Sugarcane,Ag,Maize,Ag,Forest,Rice,Ag,Rice,Ag,Ag,Forest,Forest,Ag,Ag,Ag,Ag,Ag,Rice,Rice,Rice,Rice,Rice,Rice,Ag,Rice,Rice,Rice,Rice,Rice,Ag,Ag,Rice,Rice,Rice,Rice,Rice,Rice,Rice,Rice,Ag,Rice,Rice,Rice,Forest
14.9,Forest,Forest,Forest,Forest,Ag,Ag,Ag,Ag,Ag,Ag,Ag,Ag,Ag,Ag,Ag,Forest,Maize,Forest,Forest,Maize,Maize,Forest,Sugarcane,Sugarcane,Ag,Rice,Rice,Rice,Rice,Rice,Ag,Rice,Rice,Sugarcane,Rice,Rice,Rice,Sugarcane,Sugarcane,Sugarcane,Sugarcane,Rice,Forest,Rice,Rice,Rice,Rice,Ag,Ag,Forest,Forest,Ag,Rice,Ag,Ag,Ag,Rice,Ag,Rice,Rice,Rice,Rice,Ag,Rice,Rice,Rice,Rice,Rice,Rice,Rice,Ag,Rice,Rice,Rice,Rice,Ag,Rice,Rice,Rice,Rice,Ag,Forest,Forest
15.0,Forest,Forest,Forest,Forest,Ag,Ag,Ag,Ag,Ag,Ag,Ag,Ag,Ag,Ag,Forest,Forest,Forest,Forest,Forest,Forest,Forest,Forest,Sugarcane,Sugarcane,Sugarcane,Sugarcane,Rice,Rice,Rice,Ag,Rice,Rice,Rice,Rice,Rice,Sugarcane,Sugarcane,Sugarcane,Sugarcane,Sugarcane,Sugarcane,Sugarcane,Rice,Rice,Rice,Ag,Ag,Ag,Rice,Rice,Forest,Ag,Ag,Ag,Ag,Rice,Rice,Rice,Rice,Rice,Rice,Rice,Rice,Rice,Rice,Rice,Rice,Rice,Rice,Rice,Rice,Ag,Ag,Ag,Rice,Rice,Rice,Rice,Rice,Ag,Rice,Other,Other
15.1,Forest,Forest,Forest,Forest,Ag,Ag,Ag,Ag,Ag,Forest,Ag,Forest,Forest,Ag,Ag,Forest,Forest,Ag,Ag,Forest,Forest,Forest,Sugarcane,Sugarcane,Sugarcane,Rice,Ag,Rice,Rice,Ag,Maize,Rice,Sugarcane,Sugarcane,Sugarcane,Sugarcane,Rice,Sugarcane,Sugarcane,Sugarcane,Sugarcane,Maize,Ag,Rice,Sugarcane,Rice,Rice,Rice,Rice,Rice,Rice,Ag,Ag,Ag,Rice,Rice,Rice,Sugarcane,Rice,Rice,Rice,Rice,Rice,Rice,Rice,Rice,Ag,Ag,Ag,Rice,Rice,Rice,Rice,Forest,Rice,Rice,Rice,Rice,Rice,Ag,Ag,Other,Ag
15.2,Forest,Forest,Forest,Forest,Ag,Ag,Ag,Ag,Ag,Forest,Forest,Forest,Ag,Ag,Ag,Forest,Forest,Ag,Ag,Forest,Forest,Forest,Ag,Ag,Sugarcane,Rice,Rice,Rice,Ag,Rice,Maize,Sugarcane,Sugarcane,Sugarcane,Sugarcane,Rice,Ag,Ag,Sugarcane,Sugarcane,Sugarcane,Ag,Rice,Sugarcane,Ag,Rice,Maize,Rice,Rice,Rice,Rice,Rice,Rice,Rice,Rice,Ag,Ag,Ag,Sugarcane,Rice,Rice,Rice,Rice,Rice,Forest,Ag,Ag,Rice,Rice,Rice,Rice,Rice,Rice,Rice,Rice,Rice,Rice,Other,Rice,Rice,Rice,Rice,Forest
15.3,Forest,Forest,Forest,Forest,Ag,Ag,Ag,Ag,Ag,Forest,Ag,Forest,Ag,Forest,Forest,Forest,Forest,Ag,Ag,Ag,Ag,Maize,Sugarcane,Maize,Rice,Rice,Rice,Forest,Ag,Maize,Sugarcane,Sugarcane,Maize,Sugarcane,Sugarcane,Rice,Sugarcane,Ag,Sugarcane,Sugarcane,Sugarcane,Ag,Maize,Rice,Rice,Rice,Rice,Rice,Rice,Rice,Rice,Rice,Rice,Ag,Ag,Ag,Rice,Rice,Rice,Rice,Rice,Rice,Rice,Rice,Rice,Rice,Rice,Rice,Rice,Rice,Rice,Ag,Other,Ag,Ag,Ag,Ag,Ag,Rice,Rice,Rice,Rice,Forest
15.4,Forest,Forest,Forest,Forest,Ag,Ag,Ag,Ag,Ag,Ag,Ag,Ag,Ag,Forest,Forest,Forest,Ag,Forest,Ag,Ag,Ag,Maize,Sugarcane,Sugarcane,Rice,Rice,Forest,Rice,Sugarcane,Sugarcane,Sugarcane,Ag,Sugarcane,Sugarcane,Sugarcane,Sugarcane,Sugarcane,Ag,Rice,Rice,Rice,Ag,Sugarcane,Rice,Rice,Rice,Rice,Rice,Rice,Ag,Rice,Rice,Ag,Rice,Rice,Rice,Rice,Rice,Rice,Rice,Rice,Rice,Rice,Rice,Rice,Rice,Rice,Rice,Rice,Rice,Rice,Rice,Ag,Forest,Rice,Rice,Rice,Ag,Rice,Rice,Rice,Rice,Forest
15.5,Forest,Forest,Forest,Forest,Ag,Ag,Ag,Ag,Ag,Ag,Ag,Ag,Ag,Forest,Forest,Maize,Maize,Forest,Ag,Ag,Forest,Maize,Sugarcane,Sugarcane,Rice,Rice,Forest,Rice,Rice,Sugarcane,Sugarcane,Rice,Rice,Rice,Ag,Sugarcane,Ag,Ag,Rice,Rice,Ag,Ag,Ag,Rice,Rice,Rice,Rice,Rice,Rice,Ag,Rice,Rice,Rice,Rice,Rice,Rice,Rice,Rice,Other,Rice,Other,Rice,Rice,Rice,Rice,Rice,Rice,Rice,Rice,Rice,Rice,Rice,Rice,Ag,Rice,Rice,Rice,Rice,Rice,Rice,Rice,Ag,Forest
15.6,Forest,Forest,Forest,Forest,Ag,Ag,Ag,Ag,Ag,Ag,Ag,Ag,Ag,Forest,Forest,Forest,Maize,Ag,Ag,Ag,Forest,Forest,Sugarcane,Rice,Rice,Rice,Forest,Rice,Maize,Sugarcane,Rice,Rice,Rice,Rice,Rice,Maize,Sugarcane,Sugarcane,Rice,Rice,Forest,Ag,Ag,Ag,Rice,Rice,Rice,Rice,Rice,Ag,Rice,Rice,Ag,Ag,Rice,Rice,Ag,Rice,Ag,Rice,Rice,Rice,Rice,Rice,Rice,Rice,Rice,Rice,Rice,Rice,Rice,Rice,Rice,Rice,Rice,Rice,Rice,Rice,Rice,Ag,Forest,Ag,Forest
15.7,Forest,Forest,Forest,Forest,Ag,Ag,Ag,Ag,Ag,Ag,Ag,Ag,Ag,Maize,Ag,Forest,Forest,Forest,Ag,Forest,Maize,Ag,Ag,Sugarcane,Rice,Ag,Rice,Rice,Ag,Ag,Ag,Rice,Rice,Rice,Rice,Rice,Sugarcane,Rice,Sugarcane,Ag,Maize,Ag,Forest,Forest,Maize,Rice,Rice,Rice,Rice,Rice,Rice,Rice,Rice,Rice,Rice,Rice,Rice,Ag,Ag,Ag,Rice,Rice,Rice,Rice,Rice,Ag,Rice,Rice,Ag,Rice,Rice,Rice,Ag,Rice,Rice,Rice,Ag,Rice,Rice,Forest,Rice,Forest,Forest
15.8,Forest,Forest,Forest,Forest,Ag,Ag,Ag,Ag,Ag,Ag,Ag,Ag,Ag,Maize,Maize,Maize,Maize,Maize,Ag,Forest,Forest,Maize,Ag,Rice,Rice,Rice,Rice,Ag,Rice,Ag,Rice,Rice,Rice,Forest,Ag,Sugarcane,Maize,Ag,Maize,Ag,Rice,Forest,Forest,Ag,Ag,Rice,Rice,Rice,Rice,Rice,Rice,Ag,Rice,Rice,Ag,Ag,Rice,Rice,Rice,Forest,Rice,Rice,Rice,Rice,Rice,Rice,Ag,Rice,Rice,Rice,Rice,Rice,Rice,Ag,Forest,Rice,Rice,Ag,Rice,Rice,Rice,Ag,Ag
15.9,Forest,Forest,Forest,Forest,Ag,Ag,Ag,Ag,Ag,Ag,Ag,Ag,Ag,Ag,Forest,Maize,Maize,Ag,Forest,Forest,Forest,Maize,Rice,Ag,Ag,Rice,Ag,Ag,Ag,Ag,Rice,Rice,Rice,Rice,Rice,Ag,Rice,Rice,Rice,Ag,Ag,Forest,Ag,Ag,Rice,Forest,Forest,Forest,Forest,Rice,Rice,Forest,Rice,Ag,Ag,Ag,Rice,Forest,Ag,Ag,Rice,Ag,Rice,Rice,Rice,Rice,Rice,Rice,Forest,Ag,Ag,Ag,Ag,Rice,Rice,Forest,Forest,Rice,Rice,Rice,Rice,Rice,Ag
16.0,Forest,Forest,Forest,Forest,Ag,Ag,Ag,Ag,Ag,Ag,Ag,Ag,Ag,Ag,Maize,Maize,Maize,Ag,Forest,Forest,Ag,Ag,Ag,Ag,Rice,Ag,Rice,Ag,Ag,Ag,Rice,Rice,Rice,Rice,Ag,Ag,Maize,Maize,Ag,Ag,Ag,Rice,Rice,Rice,Rice,Rice,Rice,Forest,Rice,Forest,Rice,Rice,Ag,Rice,Ag,Rice,Ag,Ag,Ag,Forest,Rice,Ag,Ag,Rice,Rice,Rice,Rice,Rice,Rice,Ag,Ag,Rice,Rice,Rice,Ag,Sugarcane,Rice,Rice,Forest,Rice,Rice,Ag,Ag
16.1,Forest,Forest,Forest,Forest,Ag,Ag,Ag,Ag,Ag,Ag,Ag,Ag,Ag,Ag,Maize,Maize,Maize,Maize,Ag,Ag,Ag,Ag,Rice,Rice,Rice,Ag,Rice,Ag,Ag,Rice,Ag,Rice,Rice,Rice,Ag,Ag,Forest,Ag,Maize,Forest,Ag,Rice,Rice,Rice,Rice,Rice,Forest,Ag,Forest,Rice,Sugarcane,Sugarcane,Ag,Rice,Sugarcane,Rice,Ag,Ag,Rice,Other,Ag,Rice,Rice,Rice,Ag,Rice,Rice,Rice,Rice,Rice,Ag,Rice,Rice,Rice,Forest,Rice,Rice,Rice,Ag,Ag,Ag,Ag,Ag
16.2,Forest,Forest,Forest,Forest,Ag,Ag,Ag,Ag,Ag,Ag,Ag,Ag,Ag,Ag,Ag,Maize,Maize,Maize,Ag,Forest,Sugarcane,Rice,Ag,Rice,Ag,Sugarcane,Ag,Maize,Sugarcane,Rice,Ag,Rice,Rice,Rice,Rice,Forest,Forest,Ag,Maize,Maize,Ag,Rice,Forest,Forest,Forest,Forest,Sugarcane,Forest,Forest,Ag,Rice,Forest,Ag,Rice,Rice,Ag,Rice,Ag,Rice,Rice,Rice,Ag,Rice,Ag,Rice,Rice,Rice,Rice,Sugarcane,Forest,Forest,Rice,Rice,Rice,Forest,Sugarcane,Ag,Ag,Ag,Ag,Ag,Ag,Ag
16.3,Forest,Forest,Forest,Forest,Ag,Ag,Ag,Ag,Ag,Ag,Ag,Ag,Ag,Maize,Maize,Ag,Forest,Maize,Forest,Forest,Ag,Sugarcane,Rice,Rice,Rice,Sugarcane,Sugarcane,Maize,Rice,Ag,Ag,Rice,Rice,Rice,Ag,Ag,Ag,Ag,Ag,Maize,Ag,Ag,Ag,Other,Forest,Forest,Rice,Rice,Rice,Rice,Sugarcane,Forest,Sugarcane,Rice,Rice,Rice,Rice,Ag,Ag,Ag,Rice,Rice,Rice,Ag,Rice,Rice,Rice,Rice,Rice,Ag,Rice,Forest,Sugarcane,Rice,Rice,Sugarcane,Ag,Ag,Ag,Ag,Ag,Ag,Ag
16.4,Forest,Forest,Forest,Forest,Ag,Ag,Ag,Ag,Ag,Ag,Ag,Ag,Ag,Maize,Maize,Maize,Maize,Maize,Forest,Ag,Sugarcane,Sugarcane,Ag,Rice,Rice,Ag,Ag,Rice,Ag,Ag,Ag,Rice,Ag,Ag,Ag,Ag,Other,Ag,Maize,Rice,Forest,Ag,Ag,Forest,Forest,Forest,Rice,Sugarcane,Ag,Rice,Rice,Rice,Forest,Rice,Rice,Ag,Ag,Rice,Ag,Ag,Ag,Rice,Sugarcane,Rice,Sugarcane,Rice,Rice,Rice,Rice,Forest,Forest,Forest,Rice,Rice,Rice,Ag,Ag,Ag,Ag,Ag,Ag,Ag,Ag
16.5,Forest,Forest,Forest,Forest,Ag,Ag,Ag,Ag,Ag,Ag,Ag,Ag,Maize,Rice,Ag,Maize,Maize,Maize,Ag,Maize,Forest,Ag,Maize,Rice,Ag,Ag,Ag,Rice,Rice,Ag,Ag,Rice,Rice,Rice,Ag,Other,Ag,Forest,Forest,Maize,Ag,Ag,Ag,Forest,Forest,Sugarcane,Sugarcane,Sugarcane,Ag,Rice,Rice,Rice,Rice,Rice,Rice,Ag,Ag,Rice,Ag,Ag,Rice,Ag,Rice,Sugarcane,Sugarcane,Rice,Rice,Rice,Forest,Forest,Forest,Rice,Rice,Rice,Ag,Ag,Ag,Ag,Ag,Ag,Ag,Ag,Ag
16.6,Forest,Forest,Forest,Forest,Ag,Ag,Ag,Ag,Ag,Ag,Ag,Ag,Rice,Maize,Maize,Forest,Maize,Forest,Ag,Sugarcane,Rice,Ag,Ag,Ag,Rice,Ag,Ag,Ag,Ag,Ag,Ag,Rice,Forest,Rice,Forest,Ag,Ag,Ag,Forest,Maize,Forest,Ag,Ag,Forest,Forest,Rice,Ag,Rice,Ag,Forest,Rice,Rice,Forest,Forest,Ag,Ag,Other,Rice,Ag,Ag,Ag,Ag,Ag,Rice,Rice,Rice,Forest,Forest,Rice,Forest,Forest,Forest,Forest,Forest,Ag,Ag,Ag,Ag,Ag,Ag,Ag,Ag,Ag
16.7,Forest,Forest,Forest,Forest,Ag,Ag,Ag,Ag,Ag,Ag,Ag,Maize,Rice,Maize,Forest,Maize,Forest,Forest,Maize,Forest,Forest,Rice,Ag,Ag,Sugarcane,Ag,Ag,Ag,Ag,Ag,Ag,Ag,Forest,Forest,Forest,Ag,Ag,Ag,Forest,Ag,Forest,Forest,Ag,Ag,Ag,Ag,Rice,Rice,Rice,Forest,Rice,Ag,Ag,Forest,Ag,Rice,Sugarcane,Sugarcane,Ag,Sugarcane,Ag,Ag,Ag,Rice,Rice,Forest,Forest,Ag,Forest,Forest,Forest,Forest,Forest,Rice,Ag,Ag,Ag,Ag,Ag,Ag,Ag,Ag,Ag
16.8,Forest,Forest,Forest,Forest,Ag,Ag,Ag,Ag,Ag,Ag,Ag,Ag,Rice,Maize,Maize,Maize,Forest,Forest,Forest,Forest,Forest,Forest,Ag,Forest,Maize,Ag,Ag,Ag,Ag,Ag,Rice,Forest,Ag,Forest,Forest,Ag,Ag,Ag,Ag,Ag,Forest,Forest,Ag,Ag,Ag,Rice,Maize,Rice,Rice,Rice,Ag,Forest,Rice,Forest,Ag,Ag,Ag,Ag,Sugarcane,Sugarcane,Ag,Ag,Rice,Rice,Forest,Ag,Rice,Ag,Ag,Forest,Forest,Forest,Forest,Forest,Rice,Ag,Ag,Ag,Ag,Ag,Ag,Ag,Ag
16.9,Forest,Forest,Forest,Forest,Ag,Ag,Ag,Ag,Ag,Ag,Ag,Ag,Rice,Maize,Forest,Forest,Forest,Forest,Forest,Forest,Ag,Ag,Forest,Forest,Rice,Ag,Ag,Ag,Ag,Ag,Forest,Forest,Ag,Ag,Maize,Rice,Maize,Ag,Maize,Maize,Maize,Maize,Ag,Ag,Sugarcane,Forest,Rice,Rice,Rice,Ag,Ag,Forest,Forest,Rice,Sugarcane,Ag,Ag,Ag,Ag,Ag,Ag,Ag,Rice,Rice,Rice,Forest,Forest,Rice,Forest,Forest,Forest,Rice,Rice,Rice,Rice,Ag,Ag,Ag,Ag,Ag,Ag,Ag,Ag
17.0,Forest,Forest,Forest,Forest,Ag,Ag,Ag,Ag,Ag,Ag,Maize,Forest,Rice,Maize,Forest,Forest,Forest,Forest,Forest,Forest,Forest,Ag,Ag,Forest,Ag,Ag,Ag,Ag,Rice,Rice,Rice,Forest,Forest,Forest,Maize,Rice,Maize,Forest,Ag,Maize,Maize,Maize,Ag,Forest,Forest,Rice,Ag,Rice,Rice,Ag,Ag,Ag,Ag,Forest,Forest,Ag,Rice,Ag,Ag,Ag,Rice,Ag,Forest,Forest,Ag,Forest,Forest,Rice,Ag,Ag,Ag,Rice,Rice,Rice,Ag,Ag,Ag,Ag,Ag,Ag,Ag,Ag,Ag
17.1,Forest,Forest,Forest,Forest,Ag,Ag,Ag,Ag,Ag,Maize,Maize,Maize,Maize,Forest,Forest,Forest,Forest,Forest,Forest,Forest,Forest,Ag,Sugarcane,Ag,Ag,Ag,Ag,Ag,Ag,Rice,Forest,Maize,Forest,Forest,Ag,Ag,Rice,Ag,Maize,Maize,Ag,Ag,Forest,Ag,Ag,Ag,Rice,Rice,Rice,Ag,Rice,Rice,Ag,Forest,Ag,Rice,Rice,Rice,Ag,Ag,Sugarcane,Forest,Ag,Forest,Ag,Ag,Rice,Ag,Ag,Ag,Rice,Ag,Ag,Rice,Ag,Ag,Ag,Ag,Ag,Ag,Ag,Ag,Ag
17.2,Forest,Forest,Forest,Forest,Ag,Ag,Ag,Ag,Ag,Rice,Maize,Maize,Forest,Forest,Forest,Forest,Forest,Forest,Forest,Forest,Forest,Forest,Sugarcane,Ag,Ag,Ag,Ag,Ag,Rice,Forest,Forest,Forest,Ag,Ag,Ag,Ag,Ag,Maize,Ag,Maize,Maize,Ag,Forest,Ag,Ag,Ag,Ag,Rice,Ag,Rice,Rice,Ag,Ag,Forest,Ag,Rice,Rice,Rice,Rice,Ag,Forest,Rice,Ag,Ag,Ag,Ag,Ag,Rice,Ag,Rice,Rice,Ag,Rice,Rice,Ag,Ag,Ag,Ag,Ag,Ag,Ag,Ag,Ag
17.3,Forest,Forest,Forest,Forest,Ag,Ag,Ag,Ag,Rice,Maize,Maize,Forest,Forest,Forest,Forest,Ag,Forest,Forest,Ag,Forest,Forest,Sugarcane,Forest,Ag,Ag,Ag,Ag,Ag,Rice,Maize,Maize,Forest,Ag,Ag,Ag,Ag,Ag,Maize,Forest,Maize,Maize,Maize,Ag,Ag,Ag,Ag,Ag,Maize,Sugarcane,Sugarcane,Ag,Ag,Rice,Ag,Ag,Ag,Ag,Rice,Rice,Rice,Ag,Ag,Ag,Ag,Ag,Rice,Rice,Rice,Ag,Rice,Ag,Ag,Rice,Rice,Ag,Ag,Ag,Ag,Ag,Ag,Ag,Ag,Ag
17.4,Forest,Forest,Forest,Forest,Ag,Ag,Ag,Maize,Maize,Maize,Forest,Forest,Forest,Forest,Ag,Forest,Forest,Forest,Forest,Rice,Rice,Forest,Forest,Forest,Sugarcane,Rice,Ag,Ag,Rice,Maize,Maize,Maize,Forest,Maize,Ag,Ag,Forest,Forest,Forest,Ag,Ag,Ag,Ag,Ag,Ag,Ag,Ag,Maize,Rice,Rice,Rice,Ag,Ag,Ag,Ag,Rice,Rice,Ag,Rice,Rice,Ag,Ag,Rice,Rice,Rice,Rice,Rice,Ag,Ag,Ag,Ag,Ag,Ag,Ag,Ag,Ag,Ag,Ag,Ag,Ag,Ag,Ag,Ag
17.5,Forest,Forest,Forest,Forest,Ag,Ag,Ag,Maize,Maize,Maize,Forest,Forest,Forest,Forest,Forest,Forest,Forest,Forest,Ag,Forest,Forest,Forest,Ag,Forest,Forest,Rice,Forest,Ag,Sugarcane,Rice,Maize,Forest,Forest,Forest,Ag,Ag,Ag,Ag,Ag,Forest,Forest,Ag,Ag,Ag,Ag,Ag,Sugarcane,Maize,Rice,Rice,Rice,Ag,Ag,Ag,Rice,Rice,Rice,Rice,Rice,Rice,Rice,Rice,Rice,Rice,Rice,Ag,Ag,Ag,Ag,Ag,Ag,Ag,Ag,Ag,Ag,Ag,Ag,Ag,Ag,Ag,Ag,Ag,Ag
17.6,Forest,Forest,Forest,Forest,Ag,Ag,Maize,Maize,Maize,Maize,Forest,Forest,Forest,Forest,Forest,Forest,Forest,Forest,Forest,Forest,Forest,Ag,Ag,Rice,Forest,Forest,Ag,Ag,Ag,Sugarcane,Forest,Forest,Forest,Forest,Forest,Forest,Ag,Ag,Ag,Ag,Maize,Forest,Ag,Ag,Ag,Ag,Forest,Maize,Rice,Rice,Rice,Rice,Ag,Rice,Rice,Rice,Ag,Rice,Ag,Ag,Ag,Rice,Rice,Rice,Rice,Rice,Rice,Ag,Ag,Ag,Ag,Ag,Ag,Ag,Ag,Ag,Ag,Ag,Ag,Ag,Ag,Ag,Ag
17.7,Forest,Forest,Forest,Forest,Ag,Forest,Maize,Maize,Maize,Maize,Maize,Forest,Forest,Forest,Forest,Forest,Forest,Forest,Forest,Forest,Forest,Forest,Ag,Ag,Forest,Forest,Ag,Ag,Ag,Ag,Forest,Forest,Forest,Forest,Forest,Forest,Ag,Ag,Ag,Ag,Ag,Ag,Ag,Ag,Ag,Ag,Ag,Ag,Rice,Ag,Rice,Ag,Ag,Ag,Ag,Rice,Rice,Rice,Ag,Rice,Rice,Ag,Rice,Rice,Rice,Rice,Ag,Ag,Ag,Ag,Ag,Ag,Ag,Ag,Ag,Ag,Ag,Ag,Ag,Ag,Ag,Ag,Ag
17.8,Forest,Forest,Forest,Forest,Ag,Maize,Forest,Maize,Maize,Maize,Maize,Forest,Forest,Forest,Maize,Forest,Maize,Maize,Forest,Forest,Rice,Ag,Rice,Ag,Forest,Maize,Forest,Maize,Maize,Ag,Forest,Forest,Forest,Forest,Forest,Forest,Forest,Ag,Ag,Ag,Ag,Ag,Ag,Ag,Ag,Ag,Ag,Ag,Ag,Ag,Forest,Ag,Ag,Ag,Ag,Rice,Rice,Rice,Ag,Rice,Ag,Ag,Ag,Ag,Ag,Rice,Rice,Ag,Ag,Ag,Ag,Ag,Ag,Ag,Ag,Ag,Ag,Ag,Ag,Ag,Ag,Ag,Ag
17.9,Forest,Forest,Forest,Forest,Forest,Maize,Maize,Maize,Maize,Maize,Forest,Forest,Forest,Forest,Forest,Forest,Forest,Forest,Forest,Forest,Maize,Forest,Forest,Ag,Maize,Forest,Forest,Ag,Forest,Forest,Ag,Ag,Forest,Forest,Forest,Forest,Forest,Ag,Ag,Ag,Ag,Ag,Ag,Ag,Forest,Ag,Ag,Ag,Ag,Ag,Forest,Forest,Ag,Ag,Ag,Ag,Ag,Ag,Ag,Ag,Ag,Ag,Ag,Ag,Ag,Rice,Ag,Ag,Ag,Ag,Ag,Ag,Ag,Ag,Ag,Ag,Ag,Ag,Ag,Ag,Ag,Ag,Ag
18.0,Forest,Forest,Forest,Forest,Forest,Forest,Maize,Maize,Maize,Forest,Maize,Forest,Forest,Forest,Forest,Maize,Forest,Forest,Forest,Rice,Forest,Maize,Forest,Forest,Rice,Maize,Forest,Forest,Ag,Forest,Forest,Forest,Forest,Forest,Forest,Forest,Forest,Ag,Ag,Ag,Ag,Ag,Ag,Ag,Forest,Ag,Ag,Ag,Ag,Ag,Ag,Ag,Ag,Ag,Ag,Ag,Ag,Ag,Ag,Ag,Ag,Ag,Ag,Ag,Ag,Ag,Ag,Ag,Ag,Ag,Ag,Ag,Ag,Ag,Ag,Ag,Ag,Ag,Ag,Ag,Ag,Ag,Ag
18.1,Forest,Forest,Forest,Forest,Ag,Forest,Forest,Maize,Maize,Maize,Forest,Forest,Forest,Forest,Forest,Ag,Forest,Forest,Forest,Forest,Maize,Maize,Maize,Maize,Forest,Forest,Forest,Forest,Forest,Forest,Maize,Forest,Forest,Forest,Forest,Forest,Forest,Forest,Ag,Ag,Ag,Ag,Ag,Ag,Ag,Ag,Ag,Ag,Ag,Ag,Ag,Ag,Ag,Ag,Ag,Ag,Ag,Ag,Ag,Ag,Ag,Ag,Ag,Ag,Ag,Ag,Ag,Ag,Ag,Ag,Ag,Ag,Ag,Ag,Ag,Ag,Ag,Ag,Ag,Ag,Ag,Ag,Ag
18.2,Forest,Forest,Forest,Forest,Forest,Forest,Maize,Rice,Maize,Forest,Forest,Forest,Forest,Ag,Forest,Forest,Forest,Forest,Forest,Forest,Ag,Ag,Forest,Maize,Forest,Forest,Forest,Forest,Forest,Maize,Maize,Maize,Ag,Maize,Forest,Forest,Forest,Ag,Ag,Ag,Ag,Ag,Ag,Ag,Ag,Ag,Ag,Ag,Ag,Ag,Ag,Ag,Ag,Ag,Ag,Ag,Ag,Ag,Ag,Ag,Ag,Ag,Ag,Ag,Ag,Ag,Ag,Ag,Ag,Ag,Ag,Ag,Ag,Ag,Ag,Ag,Ag,Ag,Ag,Ag,Ag,Ag,Ag
18.3,Forest,Forest,Forest,Forest,Forest,Forest,Maize,Maize,Forest,Forest,Forest,Forest,Forest,Forest,Ag,Ag,Ag,Forest,Forest,Forest,Ag,Maize,Rice,Forest,Ag,Forest,Forest,Forest,Forest,Maize,Forest,Maize,Maize,Maize,Maize,Forest,Forest,Maize,Ag,Ag,Ag,Ag,Ag,Ag,Ag,Ag,Ag,Ag,Ag,Ag,Ag,Ag,Ag,Ag,Ag,Ag,Ag,Ag,Ag,Ag,Ag,Ag,Ag,Ag,Ag,Ag,Ag,Ag,Ag,Ag,Ag,Ag,Ag,Ag,Ag,Ag,Ag,Ag,Ag,Ag,Ag,Ag,Ag
18.4,Forest,Forest,Forest,Forest,Forest,Forest,Maize,Maize,Maize,Forest,Maize,Forest,Ag,Forest,Forest,Ag,Ag,Forest,Forest,Forest,Forest,Maize,Forest,Rice,Ag,Forest,Forest,Forest,Forest,Forest,Forest,Maize,Forest,Maize,Forest,Forest,Forest,Ag,Ag,Ag,Ag,Ag,Ag,Ag,Ag,Ag,Ag,Ag,Ag,Ag,Ag,Ag,Ag,Ag,Ag,Ag,Ag,Ag,Ag,Ag,Ag,Rice,Ag,Ag,Ag,Ag,Ag,Ag,Ag,Ag,Ag,Ag,Ag,Ag,Ag,Ag,Ag,Ag,Ag,Ag,Ag,Ag,Ag
18.5,Forest,Forest,Maize,Forest,Forest,Forest,Forest,Maize,Maize,Maize,Rice,Forest,Forest,Forest,Forest,Ag,Ag,Ag,Forest,Forest,Forest,Forest,Maize,Forest,Forest,Maize,Forest,Forest,Forest,Maize,Forest,Maize,Forest,Maize,Maize,Forest,Forest,Ag,Ag,Ag,Ag,Ag,Ag,Ag,Ag,Ag,Ag,Ag,Ag,Ag,Ag,Ag,Ag,Ag,Ag,Ag,Ag,Ag,Ag,Ag,Ag,Ag,Ag,Ag,Ag,Ag,Ag,Ag,Ag,Ag,Ag,Ag,Ag,Ag,Ag,Ag,Ag,Ag,Ag,Ag,Ag,Ag,Ag
18.6,Forest,Forest,Forest,Forest,Ag,Forest,Maize,Maize,Maize,Forest,Forest,Forest,Ag,Forest,Forest,Forest,Ag,Ag,Ag,Forest,Maize,Forest,Forest,Maize,Maize,Forest,Forest,Forest,Forest,Maize,Forest,Forest,Forest,Maize,Maize,Maize,Maize,Ag,Ag,Ag,Ag,Ag,Ag,Ag,Ag,Ag,Ag,Ag,Ag,Ag,Ag,Ag,Ag,Ag,Ag,Ag,Ag,Ag,Ag,Ag,Ag,Ag,Ag,Ag,Ag,Ag,Ag,Ag,Ag,Ag,Ag,Ag,Ag,Ag,Ag,Ag,Ag,Ag,Ag,Ag,Ag,Ag,Ag
18.7,Forest,Forest,Forest,Forest,Ag,Forest,Maize,Maize,Maize,Maize,Forest,Maize,Ag,Forest,Forest,Forest,Forest,Ag,Forest,Forest,Forest,Forest,Maize,Forest,Forest,Forest,Rice,Forest,Maize,Maize,Maize,Ag,Maize,Maize,Maize,Forest,Forest,Forest,Ag,Maize,Ag,Ag,Ag,Ag,Ag,Ag,Ag,Ag,Ag,Ag,Ag,Ag,Ag,Ag,Ag,Ag,Ag,Ag,Ag,Ag,Ag,Ag,Ag,Ag,Ag,Ag,Ag,Ag,Ag,Ag,Ag,Ag,Ag,Ag,Ag,Ag,Ag,Ag,Ag,Ag,Ag,Ag,Ag
18.8,Forest,Forest,Forest,Forest,Ag,Forest,Forest,Maize,Maize,Maize,Maize,Maize,Maize,Forest,Forest,Forest,Forest,Ag,Forest,Forest,Ag,Forest,Forest,Forest,Forest,Forest,Maize,Forest,Forest,Forest,Forest,Maize,Maize,Maize,Maize,Maize,Forest,Maize,Ag,Ag,Ag,Ag,Ag,Ag,Ag,Ag,Ag,Ag,Ag,Ag,Ag,Ag,Ag,Ag,Ag,Ag,Ag,Ag,Ag,Ag,Ag,Ag,Ag,Ag,Ag,Ag,Ag,Ag,Ag,Ag,Ag,Ag,Ag,Ag,Ag,Ag,Ag,Ag,Ag,Ag,Ag,Ag,Ag
18.9,Forest,Forest,Forest,Forest,Forest,Maize,Forest,Forest,Maize,Maize,Maize,Maize,Forest,Forest,Forest,Forest,Forest,Ag,Forest,Forest,Ag,Forest,Forest,Forest,Maize,Ag,Forest,Forest,Forest,Forest,Forest,Maize,Maize,Maize,Maize,Maize,Maize,Maize,Ag,Maize,Ag,Ag,Ag,Ag,Ag,Ag,Ag,Ag,Ag,Ag,Ag,Ag,Ag,Ag,Ag,Ag,Ag,Ag,Ag,Ag,Ag,Ag,Ag,Ag,Ag,Ag,Ag,Ag,Ag,Ag,Ag,Ag,Ag,Ag,Ag,Ag,Ag,Ag,Ag,Ag,Ag,Ag,Ag
19.0,Forest,Forest,Forest,Forest,Forest,Maize,Forest,Forest,Maize,Ag,Ag,Forest,Maize,Maize,Maize,Forest,Forest,Forest,Forest,Ag,Ag,Maize,Forest,Maize,Forest,Forest,Maize,Forest,Forest,Forest,Forest,Maize,Maize,Maize,Maize,Maize,Forest,Maize,Maize,Maize,Ag,Ag,Ag,Ag,Ag,Ag,Ag,Ag,Ag,Ag,Ag,Ag,Ag,Ag,Ag,Ag,Ag,Ag,Ag,Ag,Ag,Ag,Ag,Ag,Ag,Ag,Ag,Ag,Ag,Ag,Ag,Ag,Ag,Ag,Ag,Ag,Ag,Ag,Ag,Ag,Ag,Ag,Ag
19.1,Forest,Forest,Forest,Forest,Ag,Ag,Forest,Forest,Ag,Forest,Maize,Forest,Forest,Ag,Ag,Forest,Forest,Forest,Forest,Forest,Ag,Maize,Forest,Maize,Forest,Forest,Ag,Rice,Forest,Forest,Maize,Rice,Maize,Maize,Maize,Rice,Maize,Maize,Maize,Maize,Ag,Ag,Ag,Ag,Ag,Ag,Ag,Ag,Ag,Ag,Ag,Ag,Ag,Ag,Ag,Ag,Ag,Ag,Ag,Ag,Ag,Ag,Ag,Ag,Ag,Ag,Ag,Ag,Ag,Ag,Ag,Ag,Ag,Ag,Ag,Ag,Ag,Ag,Ag,Ag,Ag,Ag,Ag
19.2,Forest,Forest,Forest,Forest,Forest,Forest,Forest,Forest,Forest,Forest,Maize,Maize,Forest,Maize,Forest,Forest,Forest,Forest,Forest,Forest,Ag,Maize,Forest,Maize,Ag,Rice,Maize,Forest,Forest,Maize,Rice,Maize,Ag,Maize,Maize,Forest,Maize,Maize,Maize,Maize,Ag,Ag,Ag,Ag,Ag,Ag,Ag,Ag,Ag,Ag,Ag,Ag,Ag,Ag,Ag,Ag,Ag,Ag,Ag,Ag,Ag,Ag,Ag,Ag,Ag,Ag,Ag,Ag,Ag,Ag,Ag,Ag,Ag,Ag,Ag,Ag,Ag,Ag,Ag,Ag,Ag,Ag,Ag
19.3,Forest,Forest,Forest,Forest,Ag,Forest,Forest,Forest,Forest,Forest,Ag,Forest,Forest,Forest,Forest,Ag,Maize,Forest,Forest,Rice,Ag,Maize,Maize,Maize,Ag,Maize,Forest,Rice,Rice,Forest,Forest,Forest,Maize,Maize,Forest,Maize,Forest,Maize,Maize,Maize,Ag,Ag,Ag,Ag,Ag,Ag,Ag,Ag,Ag,Ag,Ag,Ag,Ag,Ag,Ag,Ag,Ag,Ag,Ag,Ag,Ag,Ag,Ag,Ag,Ag,Ag,Ag,Ag,Ag,Ag,Ag,Ag,Ag,Ag,Ag,Ag,Ag,Ag,Ag,Ag,Ag,Ag,Ag
19.4,Forest,Forest,Forest,Forest,Ag,Maize,Forest,Forest,Forest,Maize,Maize,Forest,Forest,Maize,Maize,Maize,Forest,Forest,Maize,Ag,Maize,Maize,Ag,Forest,Ag,Rice,Forest,Forest,Rice,Forest,Maize,Ag,Maize,Maize,Maize,Maize,Maize,Forest,Maize,Ag,Ag,Ag,Ag,Ag,Ag,Ag,Ag,Ag,Ag,Ag,Ag,Ag,Ag,Ag,Ag,Ag,Ag,Ag,Ag,Ag,Ag,Ag,Ag,Ag,Ag,Ag,Ag,Ag,Ag,Ag,Ag,Ag,Ag,Ag,Ag,Ag,Ag,Ag,Ag,Ag,Ag,Ag,Ag
19.5,Forest,Forest,Forest,Forest,Ag,Maize,Maize,Maize,Maize,Maize,Maize,Maize,Maize,Maize,Forest,Maize,Maize,Forest,Forest,Ag,Maize,Maize,Maize,Ag,Ag,Rice,Ag,Rice,Rice,Rice,Ag,Ag,Forest,Ag,Ag,Maize,Maize,Maize,Maize,Maize,Ag,Ag,Ag,Ag,Ag,Ag,Ag,Ag,Ag,Ag,Ag,Ag,Ag,Ag,Ag,Ag,Ag,Ag,Ag,Ag,Ag,Ag,Ag,Ag,Ag,Ag,Ag,Ag,Ag,Ag,Ag,Ag,Ag,Ag,Ag,Ag,Ag,Ag,Ag,Ag,Ag,Ag,Ag
19.6,Forest,Forest,Forest,Forest,Ag,Ag,Maize,Maize,Maize,Maize,Maize,Forest,Ag,Ag,Forest,Forest,Maize,Maize,Maize,Maize,Maize,Maize,Maize,Maize,Ag,Rice,Ag,Ag,Other,Rice,Maize,Maize,Ag,Ag,Ag,Ag,Maize,Maize,Ag,Ag,Ag,Ag,Ag,Ag,Ag,Ag,Ag,Ag,Ag,Ag,Ag,Ag,Ag,Ag,Ag,Ag,Ag,Ag,Ag,Ag,Ag,Ag,Ag,Ag,Ag,Ag,Ag,Ag,Ag,Ag,Ag,Ag,Ag,Ag,Ag,Ag,Ag,Ag,Ag,Ag,Ag,Ag,Ag
19.7,Forest,Forest,Forest,Forest,Ag,Ag,Ag,Maize,Ag,Ag,Ag,Ag,Ag,Maize,Ag,Maize,Maize,Maize,Ag,Maize,Maize,Maize,Maize,Maize,Ag,Rice,Rice,Maize,Ag,Maize,Maize,Forest,Ag,Ag,Ag,Ag,Ag,Ag,Ag,Ag,Ag,Ag,Ag,Ag,Ag,Ag,Ag,Ag,Ag,Ag,Ag,Ag,Ag,Ag,Ag,Ag,Ag,Ag,Ag,Ag,Ag,Ag,Ag,Ag,Ag,Ag,Ag,Ag,Ag,Ag,Ag,Ag,Ag,Ag,Ag,Ag,Ag,Ag,Ag,Ag,Ag,Ag,Ag
19.8,Forest,Forest,Forest,Forest,Ag,Ag,Ag,Ag,Ag,Ag,Ag,Ag,Ag,Ag,Ag,Ag,Ag,Forest,Ag,Rice,Ag,Maize,Maize,Maize,Ag,Rice,Ag,Ag,Ag,Ag,Maize,Maize,Ag,Ag,Ag,Ag,Ag,Ag,Ag,Ag,Ag,Ag,Ag,Ag,Ag,Ag,Ag,Ag,Ag,Ag,Ag,Ag,Ag,Ag,Ag,Ag,Ag,Ag,Ag,Ag,Ag,Ag,Ag,Ag,Ag,Ag,Ag,Ag,Ag,Ag,Ag,Ag,Ag,Ag,Ag,Ag,Ag,Ag,Ag,Ag,Ag,Ag,Ag
19.9,Forest,Forest,Forest,Forest,Ag,Ag,Ag,Ag,Ag,Ag,Ag,Ag,Ag,Ag,Ag,Ag,Ag,Ag,Ag,Ag,Maize,Maize,Maize,Ag,Rice,Ag,Ag,Ag,Ag,Ag,Maize,Maize,Maize,Ag,Ag,Ag,Ag,Ag,Ag,Ag,Ag,Ag,Ag,Ag,Ag,Ag,Ag,Ag,Ag,Ag,Ag,Ag,Ag,Ag,Ag,Ag,Ag,Ag,Ag,Ag,Ag,Ag,Ag,Ag,Ag,Ag,Ag,Ag,Ag,Ag,Ag,Ag,Ag,Ag,Ag,Ag,Ag,Ag,Ag,Ag,Ag,Ag,Ag
20.0,Forest,Forest,Forest,Forest,Ag,Ag,Ag,Ag,Ag,Ag,Ag,Ag,Ag,Ag,Ag,Ag,Ag,Ag,Ag,Maize,Maize,Forest,Maize,Maize,Maize,Forest,Ag,Ag,Rice,Other,Maize,Ag,Forest,Ag,Ag,Ag,Ag,Ag,Ag,Ag,Ag,Ag,Ag,Ag,Ag,Ag,Ag,Ag,Ag,Ag,Ag,Ag,Ag,Ag,Ag,Ag,Ag,Ag,Ag,Ag,Ag,Ag,Ag,Ag,Ag,Ag,Ag,Ag,Ag,Ag,Ag,Ag,Ag,Ag,Ag,Ag,Ag,Ag,Ag,Ag,Ag,Ag,Ag
20.1,Forest,Forest,Forest,Forest,Ag,Ag,Ag,Ag,Ag,Ag,Ag,Ag,Ag,Ag,Ag,Ag,Ag,Ag,Ag,Ag,Ag,Ag,Maize,Maize,Maize,Maize,Maize,Ag,Rice,Maize,Forest,Ag,Ag,Ag,Ag,Ag,Ag,Ag,Ag,Ag,Ag,Ag,Ag,Ag,Ag,Ag,Ag,Ag,Ag,Ag,Ag,Ag,Ag,Ag,Ag,Ag,Ag,Ag,Ag,Ag,Ag,Ag,Ag,Ag,Ag,Ag,Ag,Ag,Ag,Ag,Ag,Ag,Ag,Ag,Ag,Ag,Ag,Ag,Ag,Ag,Ag,Ag,Ag
20.2,Forest,Forest,Forest,Forest,Ag,Ag,Ag,Ag,Ag,Ag,Ag,Ag,Ag,Ag,Ag,Ag,Ag,Ag,Ag,Ag,Ag,Ag,Maize,Maize,Maize,Maize,Ag,Ag,Maize,Maize,Forest,Ag,Ag,Ag,Ag,Ag,Ag,Ag,Ag,Ag,Ag,Ag,Ag,Ag,Ag,Ag,Ag,Ag,Ag,Ag,Ag,Ag,Ag,Ag,Ag,Ag,Ag,Ag,Ag,Ag,Ag,Ag,Ag,Ag,Ag,Ag,Ag,Ag,Ag,Ag,Ag,Ag,Ag,Ag,Ag,Ag,Ag,Ag,Ag,Ag,Ag,Ag,Ag
20.3,Forest,Forest,Forest,Forest,Ag,Ag,Ag,Ag,Ag,Ag,Ag,Ag,Ag,Ag,Ag,Ag,Ag,Ag,Ag,Ag,Ag,Maize,Maize,Ag,Ag,Maize,Ag,Maize,Ag,Maize,Ag,Ag,Ag,Ag,Ag,Ag,Ag,Ag,Ag,Ag,Ag,Ag,Ag,Ag,Ag,Ag,Ag,Ag,Ag,Ag,Ag,Ag,Ag,Ag,Ag,Ag,Ag,Ag,Ag,Ag,Ag,Ag,Ag,Ag,Ag,Ag,Ag,Ag,Ag,Ag,Ag,Ag,Ag,Ag,Ag,Ag,Ag,Ag,Ag,Ag,Ag,Ag,Ag
